model name,layer name,BDIZV,CSC,ZRLE,ZVC
ResNet50,layer1.0.conv2,1.729382,0.551903,1.569365,1.556515
ResNet50,layer2.3.conv2,1.999289,0.695702,1.703459,1.818191
ResNet50,layer3.5.conv2,3.027778,1.306910,2.790697,2.729396
ResNet50,layer4.2.conv2,3.621850,1.889125,3.896686,3.474151
GoogLeNet,inception3a.branch2.1.conv,1.607163,0.574945,1.497354,1.563848
GoogLeNet,inception3b.branch3.1.conv,1.433387,0.481902,1.256317,1.311288
GoogLeNet,inception4a.branch2.1.conv,2.076748,0.796946,1.823020,1.911828
GoogLeNet,inception4c.branch2.0.conv,2.219465,0.930115,1.862691,2.083461