model name,layer name,total,valid,ratio
ResNet50,layer1.0.conv2,115605504,55613633,2.078726
ResNet50,layer2.3.conv2,115605504,48305038,2.393239
ResNet50,layer3.5.conv2,115605504,27397547,4.219557
ResNet50,layer4.2.conv2,115605504,18564990,6.227071
GoogLeNet,inception3a.branch2.1.conv,86704128,43455700,1.995230
GoogLeNet,inception3b.branch3.1.conv,21676032,13642672,1.588841
GoogLeNet,inception4a.branch2.1.conv,35223552,13724979,2.566383
GoogLeNet,inception4c.branch2.0.conv,12845056,4455738,2.882812