model_name,BDI,BDIZV,CSC,CSR,ZVC
ResNet50,3.997878,3.198112,0.510679,0.510876,4.572034
GoogLeNet,3.994958,3.263670,0.564868,0.565576,4.639425
InceptionV3,4.045263,2.924539,0.458071,0.459062,4.285240