model name,total,removed,ratio
ResNet50,4087136256,1693908212,1.707792
GoogLeNet,1497352192,738578615,1.973385
InceptionV3,2835873120,2094657252,3.825975