model_name,BDI,BDIZV,CSC,CSR,ZVC
ResNet50,7.988359,7.832982,1.740529,1.741108,7.844175
ResNet34,7.993678,8.030860,1.743691,1.746545,8.037241
ResNet18,7.991879,7.915718,1.702391,1.703994,7.923685
AlexNet,7.994589,7.736760,1.698590,1.702278,7.741827
VGG16,7.991178,10.374584,2.320743,2.317577,10.389457
SqueezeNet,7.963788,7.702500,1.786151,1.777533,7.736371
InceptionV3,8.136798,8.292104,1.947231,1.951450,8.303009